SDN,CRUISE,STATION,LON,LAT,date,lon_W
738952.106249935,1902601,1,-22.980907,11.4625025,2023-32-07,-22.980907
738952.836261918,1902601,1,-22.9974205,11.4504495,2023-04-07,-22.9974205
738954.554421444,1902601,2,-23.0158911666667,11.3935051666667,2023-18-09,-23.0158911666667
738955.5516322,1902601,3,-23.0287736666667,11.3679376666667,2023-14-10,-23.0287736666667
738956.550254884,1902601,4,-23.0543951666667,11.3345418333333,2023-12-11,-23.0543951666667
738957.54746553,1902601,5,-23.0882221666667,11.3164135,2023-08-12,-23.0882221666667
738958.550254883,1902601,6,-23.1051165,11.294174,2023-12-13,-23.1051165
738959.553021088,1902601,7,-23.1265381666667,11.275925,2023-16-14,-23.1265381666667
738962.554340534,1902601,8,-23.1716633333333,11.2404808333333,2023-18-17,-23.1716633333333
738965.551562759,1902601,9,-23.2125475,11.2273493333333,2023-14-20,-23.2125475
738968.547396084,1902601,10,-23.2208683333333,11.1937935,2023-08-23,-23.2208683333333
738977.551481766,1902601,11,-23.2582053333333,11.1192501666667,2023-14-01,-23.2582053333333
738986.547315099,1902601,12,-23.2324605,11.2109011666667,2023-08-10,-23.2324605
738995.551481765,1902601,13,-23.1442645,11.4004346666667,2023-14-19,-23.1442645
739004.551481767,1902601,14,-23.1339003333333,11.6178233333333,2023-14-28,-23.1339003333333
739013.552882233,1902601,15,-23.1911506666667,11.8373278333333,2023-16-07,-23.1911506666667
739022.544537315,1902601,16,-23.237891,12.0360135,2023-04-16,-23.237891
739031.538981759,1902601,17,-23.3720756666667,11.832777,2023-56-25,-23.3720756666667
739040.545926206,1902601,18,-23.8296736666667,11.6470546666667,2023-06-03,-23.8296736666667
739049.545926206,1902601,19,-24.146858,11.4375726666667,2023-06-12,-24.146858
739058.548703984,1902601,20,-24.4569313333333,10.946511,2023-10-21,-24.4569313333333
739067.551481767,1902601,21,-24.5752895,10.5973431666667,2023-14-30,-24.5752895
739076.548703988,1902601,22,-24.5418765,10.5184351666667,2023-10-09,-24.5418765
739085.56260446,1902601,23,-24.5124641666667,10.7724856666667,2023-30-18,-24.5124641666667
739094.55287066,1902601,24,-24.6341835,11.2311498333333,2023-16-27,-24.6341835
739103.558426221,1902601,25,-24.8443373333333,11.6098956666667,2023-24-05,-24.8443373333333
739112.55842622,1902601,26,-25.1034786666667,11.9436048333333,2023-24-14,-25.1034786666667
739121.55843779,1902601,27,-25.3115656666667,12.2184438333333,2023-24-23,-25.3115656666667
739130.547326675,1902601,28,-25.3769796666667,12.2885251666667,2023-08-01,-25.3769796666667
739139.541759544,1902601,29,-25.4778475,12.0403913333333,2023-00-10,-25.4778475
739148.558391494,1902601,30,-25.5185451666667,11.7118398333333,2023-24-19,-25.5185451666667
739157.555648438,1902601,31,-25.5168021666667,11.3362348333333,2023-20-28,-25.5168021666667
739166.557048901,1902601,32,-25.430238,11.0250885,2023-22-07,-25.430238
739175.552870658,1902601,33,-25.3300936666667,11.0097798333333,2023-16-16,-25.3300936666667
739184.557037327,1902601,34,-25.3417773333333,11.1802653333333,2023-22-25,-25.3417773333333
739193.558426216,1902601,35,-25.4913681666667,11.3331345,2023-24-03,-25.4913681666667
739202.557048896,1902601,36,-25.6525131666667,11.4539391666667,2023-22-12,-25.6525131666667
739204.057187672,1902601,37,-25.701876,11.4644126666667,2023-22-14,-25.701876
739213.552824378,1902601,38,-25.935781,11.3703716666667,2023-16-23,-25.935781
739222.559826649,1902601,39,-26.0910128333333,11.1195811666667,2023-26-02,-26.0910128333333
739231.558426216,1902601,40,-26.0801103333333,10.8577606666667,2023-24-11,-26.0801103333333
739240.555648443,1902601,41,-26.023779,10.8142135,2023-20-20,-26.023779
739249.55843779,1902601,42,-26.0595793333333,11.0244951666667,2023-24-29,-26.0595793333333
739258.557037327,1902601,43,-26.127463,11.354459,2024-22-07,-26.127463
739267.552870654,1902601,44,-26.1423995,11.6035411666667,2024-16-16,-26.1423995
739276.554259549,1902601,45,-26.1443293333333,11.6291786666667,2024-18-25,-26.1443293333333
739285.552870654,1902601,46,-26.019899,11.5056696666667,2024-16-03,-26.019899
739294.554259548,1902601,47,-25.6862373333333,11.303304,2024-18-12,-25.6862373333333
739303.55425955,1902601,48,-25.0957381666667,11.4324066666667,2024-18-21,-25.0957381666667
739312.552882229,1902601,49,-24.6469495,11.7462416666667,2024-16-01,-24.6469495
739321.545937782,1902601,50,-24.3917835,11.867962,2024-06-10,-24.3917835
739330.551493339,1902601,51,-24.2569038333333,11.705094,2024-14-19,-24.2569038333333
739339.544548892,1902601,52,-24.250853,11.5106398333333,2024-04-28,-24.250853
739344.547372937,1902601,53,-24.3093573333333,11.5121373333333,2024-08-02,-24.3093573333333
739349.551551178,1902601,54,-24.347827,11.5431933333333,2024-14-07,-24.347827
739354.550162289,1902601,55,-24.4068445,11.6006973333333,2024-12-12,-24.4068445
739359.548761827,1902601,56,-24.4846281666667,11.6404985,2024-10-17,-24.4846281666667
739364.551539608,1902601,57,-24.538951,11.6880246666667,2024-14-22,-24.538951
739369.55431739,1902601,58,-24.6218385,11.7516561666667,2024-18-27,-24.6218385
739374.557095164,1902601,59,-24.66628,11.814507,2024-22-02,-24.66628
739379.554317382,1902601,60,-24.7209113333333,11.8362526666667,2024-18-07,-24.7209113333333
739384.550162292,1902601,61,-24.7884888333333,11.8512333333333,2024-12-12,-24.7884888333333
739389.552940067,1902601,62,-24.8703305,11.8356231666667,2024-16-17,-24.8703305
739394.551551178,1902601,63,-25.0074598333333,11.7696121666667,2024-14-22,-25.0074598333333
739399.551504881,1902601,64,-25.1287978333333,11.7297215,2024-14-27,-25.1287978333333
739404.545984048,1902601,65,-25.239489,11.6789303333333,2024-06-01,-25.239489
739409.548761825,1902601,66,-25.3678453333333,11.5794516666667,2024-10-06,-25.3678453333333
739414.557060439,1902601,67,-25.4633863333333,11.4876913333333,2024-22-11,-25.4633863333333
739419.547372934,1902601,68,-25.4657941666667,11.405575,2024-08-16,-25.4657941666667
739424.559872933,1902601,69,-25.4333015,11.367728,2024-26-21,-25.4333015
739429.55292849,1902601,70,-25.4119555,11.3268893333333,2024-16-26,-25.4119555
739434.547361407,1902601,71,-25.3725706666667,11.3197873333333,2024-08-01,-25.3725706666667
739439.55017381,1902601,72,-25.3354496666667,11.2820403333333,2024-12-06,-25.3354496666667
739448.551493335,1902601,73,-25.2779,11.3066016666667,2024-14-15,-25.2779
739457.555659999,1902601,74,-25.2882631666667,11.4859696666667,2024-20-24,-25.2882631666667
739466.550092869,1902601,75,-25.4175843333333,11.8943086666667,2024-12-02,-25.4175843333333
739056.891759259,1902637,1,-19.1069985,51.0418745,2023-24-19,-19.1069985
739057.620393518,1902637,1,-19.114433,51.1034883333333,2023-53-20,-19.114433
739057.659456018,1902637,2,-19.114433,51.1034883333333,2023-49-20,-19.114433
739058.389479167,1902637,2,-19.1275821666667,51.1979431666667,2023-20-21,-19.1275821666667
739058.432187194,1902637,3,-19.1275821666667,51.1979431666667,2023-22-21,-19.1275821666667
739059.158032749,1902637,3,-19.1059995,51.2752008333333,2023-47-22,-19.1059995
739060.480127123,1902637,4,-19.1282681666667,51.4031788333333,2023-31-23,-19.1282681666667
739063.434780184,1902637,5,-19.106,51.6598485,2023-26-26,-19.106
739066.434780184,1902637,6,-18.9684356666667,51.8947965,2023-26-29,-18.9684356666667
739069.512546478,1902637,7,-18.5577326666667,52.1225186666667,2023-18-02,-18.5577326666667
739072.516724627,1902637,8,-17.9358676666667,52.311576,2023-24-05,-17.9358676666667
739075.519502404,1902637,9,-17.8514175,52.6915025,2023-28-08,-17.8514175
739078.520902867,1902637,10,-18.3625635,52.6676693333333,2023-30-11,-18.3625635
739081.519513981,1902637,11,-18.185086,52.4361598333333,2023-28-14,-18.185086
739084.516747685,1902637,12,-17.653461,52.6728813333333,2023-24-17,-17.653461
739087.516736199,1902637,13,-17.7949413333333,52.9429416666667,2023-24-20,-17.7949413333333
739090.518125094,1902637,14,-18.3307435,52.835434,2023-26-23,-18.3307435
739093.518113515,1902637,15,-18.5769143333333,52.6853293333333,2023-26-26,-18.5769143333333
739096.516724625,1902637,16,-18.5518883333333,52.636333,2023-24-29,-18.5518883333333
739099.515335735,1902637,17,-18.1399865,52.4594605,2023-22-01,-18.1399865
739109.512511745,1902637,18,-17.1537006666667,53.1315601666667,2023-18-11,-17.1537006666667
739119.50975705,1902637,19,-16.5640266666667,53.6917695,2023-14-21,-16.5640266666667
739129.51945618,1902637,20,-16.7141451666667,53.219339,2023-28-31,-16.7141451666667
739139.506944602,1902637,21,-15.7140335,53.4390116666667,2023-10-10,-15.7140335
739149.518067291,1902637,22,-15.8963358333333,53.8090955,2023-26-20,-15.8963358333333
739159.516655283,1902637,23,-15.825579,53.9562773333333,2023-23-30,-15.825579
739169.518078839,1902637,24,-16.5202688333333,54.453456,2023-26-10,-16.5202688333333
739179.516678403,1902637,25,-17.0959155,53.9099881666667,2023-24-20,-17.0959155
739189.516678401,1902637,26,-16.5609016666667,53.4414623333333,2023-24-30,-16.5609016666667
739199.515266402,1902637,27,-16.5680316666667,53.1403608333333,2023-21-09,-16.5680316666667
739201.05650463,1902637,28,-16.4931108333333,53.0951211666667,2023-21-11,-16.4931108333333
739210.518055758,1902637,29,-16.2455246666667,53.2614586666667,2023-26-20,-16.2455246666667
739220.516678376,1902637,30,-15.5957518333333,53.6798426666667,2023-24-30,-15.5957518333333
739230.513889055,1902637,31,-15.6404493333333,54.5443293333333,2023-20-10,-15.6404493333333
739240.506944633,1902637,32,-14.8975565,54.6573653333333,2023-10-20,-14.8975565
739250.511111308,1902637,33,-15.902289,54.8284715,2023-16-30,-15.902289
739260.515266403,1902637,34,-16.462619,54.8015815,2024-21-09,-16.462619
739270.516666861,1902637,35,-16.1474403333333,54.7639908333333,2024-24-19,-16.1474403333333
739280.516643735,1902637,36,-15.9564573333333,54.6065128333333,2024-23-29,-15.9564573333333
739290.511111305,1902637,37,-15.767002,55.2071291666667,2024-16-08,-15.767002
739300.515289521,1902637,38,-16.1789588333333,55.0892693333333,2024-22-18,-16.1789588333333
739310.165104365,1902637,39,-17.4543856666667,54.740999,2024-57-28,-17.4543856666667
739319.417835829,1902637,40,-18.2647753333333,54.3703293333333,2024-01-08,-18.2647753333333
739328.288553426,1902637,41,-18.9273918333333,54.4641103333333,2024-55-17,-18.9273918333333
739337.207222394,1902637,42,-18.7825128333333,54.8219331666667,2024-58-26,-18.7825128333333
739342.560613521,1902637,43,-19.1022541666667,55.045391,2024-27-31,-19.1022541666667
739347.560590432,1902637,44,-19.1013431666667,55.5004988333333,2024-27-05,-19.1013431666667
739352.560601953,1902637,45,-19.7300251666667,56.1586873333333,2024-27-10,-19.7300251666667
739357.556435288,1902637,46,-20.3878395,57.0136763333333,2024-21-15,-20.3878395
739362.560601955,1902637,47,-20.4181838333333,57.5293043333333,2024-27-20,-20.4181838333333
739367.55922464,1902637,48,-20.3532668333333,57.909286,2024-25-25,-20.3532668333333
739372.563379732,1902637,49,-20.191724,58.2119241666667,2024-31-30,-20.191724
739377.559224639,1902637,50,-20.0575756666667,58.2776055,2024-25-05,-20.0575756666667
739382.561990842,1902637,51,-19.4984285,58.3976786666667,2024-29-10,-19.4984285
739387.548101999,1902637,52,-18.9023496666667,58.5873656666667,2024-09-15,-18.9023496666667
739392.560613524,1902637,53,-18.3261968333333,59.1179313333333,2024-27-20,-18.3261968333333
739397.557812659,1902637,54,-18.7690686666667,59.5273756666667,2024-23-25,-18.7690686666667
739402.56062505,1902637,55,-19.1886105,59.4596915,2024-27-30,-19.1886105
739407.561979318,1902637,56,-18.4260183333333,59.117412,2024-29-04,-18.4260183333333
739412.555069493,1902637,57,-17.1810405,59.46464,2024-19-09,-17.1810405
739417.561990843,1902637,58,-17.7484268333333,59.919782,2024-29-14,-17.7484268333333
739422.559213118,1902637,59,-17.5675721666667,60.0327405,2024-25-19,-17.5675721666667
739427.559224586,1902637,60,-17.7063636666667,60.3793038333333,2024-25-24,-17.7063636666667
739432.561990841,1902637,61,-18.3515961666667,60.6346243333333,2024-29-29,-18.3515961666667
739437.560613523,1902637,62,-18.752721,60.9130621666667,2024-27-04,-18.752721
739446.56057884,1902637,63,-19.0632645,60.7965028333333,2024-27-13,-19.0632645
739455.560567267,1902637,64,-19.7859256666667,60.1074588333333,2024-27-22,-19.7859256666667
739464.560555734,1902637,65,-18.969047,59.608424,2024-27-31,-18.969047
739150.82680562,1902685,1,-156.399877833333,19.522008,2023-50-21,-156.399877833333
739151.555462626,1902685,1,-156.339509833333,19.5978573333333,2023-19-22,-156.339509833333
739152.994016029,1902685,2,-156.298129833333,19.6851343333333,2023-51-23,-156.298129833333
739153.909305278,1902685,3,-156.258861333333,19.7917285,2023-49-24,-156.258861333333
739154.907904839,1902685,4,-156.263722166667,19.9140656666667,2023-47-25,-156.263722166667
739155.909282407,1902685,5,-156.313221166667,20.0512706666667,2023-49-26,-156.313221166667
739156.909305043,1902685,6,-156.429952166667,20.1648546666667,2023-49-27,-156.429952166667
739157.906527521,1902685,7,-156.545897333333,20.2483646666667,2023-45-28,-156.545897333333
739158.910694186,1902685,8,-156.6804645,20.2869646666667,2023-51-29,-156.6804645
739160.907847222,1902685,9,-157.010303166667,20.2075126666667,2023-47-01,-157.010303166667
739162.907847222,1902685,10,-157.197948166667,20.0358175,2023-47-03,-157.197948166667
739164.907847222,1902685,11,-157.429418,19.8834678333333,2023-47-05,-157.429418
739166.906458333,1902685,12,-157.549101333333,19.8053805,2023-45-07,-157.549101333333
739168.907847222,1902685,13,-157.614958,19.6855455,2023-47-09,-157.614958
739170.912013889,1902685,14,-157.715638166667,19.5627853333333,2023-53-11,-157.715638166667
739172.907847222,1902685,15,-157.7882015,19.4435601666667,2023-47-13,-157.7882015
739174.909236111,1902685,16,-157.7952115,19.3446065,2023-49-15,-157.7952115
739176.909247685,1902685,17,-157.821144833333,19.237962,2023-49-17,-157.821144833333
739178.909247685,1902685,18,-157.723418333333,19.185779,2023-49-19,-157.723418333333
739180.912025463,1902685,19,-157.609372333333,19.1037061666667,2023-53-21,-157.609372333333
739182.909247685,1902685,20,-157.431757333333,19.0859091666667,2023-49-23,-157.431757333333
739187.910648045,1902685,21,-157.199777666667,19.2008806666667,2023-51-28,-157.199777666667
739192.909259157,1902685,22,-157.067268833333,19.5177526666667,2023-49-02,-157.067268833333
739197.909247633,1902685,23,-156.998154,19.8429993333333,2023-49-07,-156.998154
739199.412094564,1902685,24,-156.980042,19.9476621666667,2023-53-09,-156.980042
739204.906481434,1902685,25,-157.0274215,20.139154,2023-45-14,-157.0274215
739213.909282321,1902685,26,-157.516522166667,20.3027953333333,2023-49-23,-157.516522166667
739222.907881859,1902685,27,-157.676304166667,20.2368953333333,2023-47-02,-157.676304166667
739231.906504543,1902685,28,-157.634897833333,20.1814466666667,2023-45-11,-157.634897833333
739240.909282323,1902685,29,-157.571904,19.8248336666667,2023-49-20,-157.571904
739249.90371522,1902685,30,-157.462163333333,19.2952031666667,2023-41-29,-157.462163333333
739258.906504516,1902685,31,-157.028602,19.262337,2024-45-07,-157.028602
739267.907858768,1902685,32,-156.839199,19.644533,2024-47-16,-156.839199
739276.909282322,1902685,33,-156.8985165,20.0065451666667,2024-49-25,-156.8985165
739285.905104109,1902685,34,-157.0551325,20.2349116666667,2024-43-03,-157.0551325
739294.905104111,1902685,35,-156.935241666667,20.2225591666667,2024-43-12,-156.935241666667
739303.907881887,1902685,36,-156.998796666667,20.0743766666667,2024-47-21,-156.998796666667
739312.909270775,1902685,37,-157.035914666667,19.7356875,2024-49-01,-157.035914666667
739321.906469879,1902685,38,-156.852898166667,19.402616,2024-45-10,-156.852898166667
739330.906516091,1902685,39,-156.645735,19.5469383333333,2024-45-19,-156.645735
739339.909270747,1902685,40,-156.497918666667,19.8766031666667,2024-49-28,-156.497918666667
739344.913425822,1902685,41,-156.430536166667,20.0587823333333,2024-55-02,-156.430536166667
739349.906481378,1902685,42,-156.379032666667,20.251609,2024-45-07,-156.379032666667
739354.905080967,1902685,43,-156.3249365,20.3233435,2024-43-12,-156.3249365
739359.906481379,1902685,44,-156.277693,20.363597,2024-45-17,-156.277693
739364.910636522,1902685,45,-156.390742833333,20.399579,2024-51-22,-156.390742833333
739369.909259157,1902685,46,-156.6588495,20.3096005,2024-49-27,-156.6588495
739374.910659616,1902685,47,-156.890463333333,20.1735411666667,2024-51-02,-156.890463333333
739379.909236111,1902685,48,-156.990794,19.9826856666667,2024-49-07,-156.990794
739384.903726701,1902685,49,-157.079957666667,19.7267743333333,2024-41-12,-157.079957666667
739389.907858796,1902685,50,-157.0543905,19.5081068333333,2024-47-17,-157.0543905
739394.907881841,1902685,51,-157.001310666667,19.4086688333333,2024-47-22,-157.001310666667
739399.909224486,1902685,52,-156.774361166667,19.32831,2024-49-27,-156.774361166667
739404.909259208,1902685,53,-156.526999833333,19.2523201666667,2024-49-01,-156.526999833333
739409.907870319,1902685,54,-156.305245,19.2513965,2024-47-06,-156.305245
739414.907881842,1902685,55,-156.166819333333,19.3123061666667,2024-47-11,-156.166819333333
739419.907881843,1902685,56,-156.072822,19.4779946666667,2024-47-16,-156.072822
739424.910648097,1902685,57,-156.093776333333,19.6230988333333,2024-51-21,-156.093776333333
739429.909270731,1902685,58,-156.1276405,19.724017,2024-49-26,-156.1276405
739434.829097171,1902685,59,-156.1248315,19.9021083333333,2024-53-01,-156.1248315
739439.653449074,1902685,60,-155.958755666667,20.072182,2024-40-06,-155.958755666667
739448.556354269,1902685,61,-155.918869,20.2910945,2024-21-15,-155.918869
739457.904398093,1902685,62,-156.0712785,20.2935845,2024-42-24,-156.0712785
739466.909259202,1902685,63,-156.3731865,20.1546721666667,2024-49-02,-156.3731865
738923.571724537,2903787,1,67.0495408333333,-52.5130391666667,2023-43-06,67.0495408333333
738924.297581019,2903787,1,67.1334521666667,-52.5412161666667,2023-08-07,67.1334521666667
738925.29611085,2903787,2,67.2972638333333,-52.5434415,2023-06-08,67.2972638333333
738926.296110868,2903787,3,67.3608573333333,-52.5473653333333,2023-06-09,67.3608573333333
738927.29748818,2903787,4,67.4445733333333,-52.5560065,2023-08-10,67.4445733333333
738930.300231312,2903787,5,67.7038801666667,-52.6142766666667,2023-12-13,67.7038801666667
738933.296064732,2903787,6,67.8778558333333,-52.666898,2023-06-16,67.8778558333333
738943.298877183,2903787,7,68.2504396666667,-52.8249906666667,2023-10-26,68.2504396666667
738953.298877212,2903787,8,68.4880581666667,-53.0641253333333,2023-10-08,68.4880581666667
738963.301666536,2903787,9,68.6175185,-53.2373181666667,2023-14-18,68.6175185
738973.298865638,2903787,10,68.8030153333333,-53.2011251666667,2023-10-28,68.8030153333333
738983.297476769,2903787,11,68.8718265,-53.1999768333333,2023-08-07,68.8718265
738993.294710521,2903787,12,69.1091221666667,-53.166567,2023-04-17,69.1091221666667
739003.296076309,2903787,13,69.3768813333333,-53.0377493333333,2023-06-27,69.3768813333333
739013.297511418,2903787,14,69.576325,-52.8669625,2023-08-07,69.576325
739023.2974652,2903787,15,69.5977966666667,-52.6305001666667,2023-08-17,69.5977966666667
739033.300254524,2903787,16,69.4836086666667,-52.4744941666667,2023-12-27,69.4836086666667
739043.300289193,2903787,17,69.501055,-52.2816716666667,2023-12-06,69.501055
739053.297465199,2903787,18,69.572237,-52.0917525,2023-08-16,69.572237
739063.29751141,2903787,19,69.598723,-52.0203035,2023-08-26,69.598723
739073.29611098,2903787,20,69.5380631666667,-52.0726836666667,2023-06-06,69.5380631666667
739083.296087861,2903787,21,69.5970441666667,-52.1104675,2023-06-16,69.5970441666667
739093.29612253,2903787,22,69.8085171666667,-52.096821,2023-06-26,69.8085171666667
739103.298888756,2903787,23,69.8829611666667,-52.0124583333333,2023-10-05,69.8829611666667
739113.297476749,2903787,24,69.6296983333333,-51.9150781666667,2023-08-15,69.6296983333333
739123.297499873,2903787,25,68.8483928333333,-51.6813258333333,2023-08-25,68.8483928333333
739133.296099432,2903787,26,68.5154191666667,-51.2159493333333,2023-06-04,68.5154191666667
739143.297488281,2903787,27,68.0346785,-51.004775,2023-08-14,68.0346785
739153.296122532,2903787,28,67.6560706666667,-50.8021778333333,2023-06-24,67.6560706666667
739163.298877211,2903787,29,67.1498195,-50.6378115,2023-10-04,67.1498195
739173.297476748,2903787,30,66.8739061666667,-50.3591051666667,2023-08-14,66.8739061666667
739183.297511421,2903787,31,66.6846201666667,-50.1830606666667,2023-08-24,66.6846201666667
739193.298877209,2903787,32,66.5358066666667,-49.948647,2023-10-03,66.5358066666667
739203.296076237,2903787,33,65.3848586666667,-49.5477486666667,2023-06-13,65.3848586666667
739204.798877315,2903787,34,65.2038903333333,-49.5228038333333,2023-10-14,65.2038903333333
739214.300277644,2903787,35,65.0206911666667,-49.5037988333333,2023-12-24,65.0206911666667
739224.298877211,2903787,36,64.5152631666667,-49.3361158333333,2023-10-04,64.5152631666667
739234.303043848,2903787,37,64.3649535,-48.9229655,2023-16-14,64.3649535
739244.301620268,2903787,38,64.2983036666667,-48.3846066666667,2023-14-24,64.2983036666667
739254.294698996,2903787,39,64.0691848333333,-48.0665118333333,2024-04-03,64.0691848333333
739264.300277626,2903787,40,64.0781526666667,-47.9304085,2024-12-13,64.0781526666667
739274.298865639,2903787,41,64.1891686666667,-47.8440615,2024-10-23,64.1891686666667
739284.298877214,2903787,42,64.503177,-47.5299166666667,2024-10-02,64.503177
739294.297488326,2903787,43,64.6989066666667,-46.9107406666667,2024-08-12,64.6989066666667
739304.296076314,2903787,44,65.6632778333333,-46.6699385,2024-06-22,65.6632778333333
739314.297476748,2903787,45,67.5714643333333,-45.569469,2024-08-03,67.5714643333333
739324.29471052,2903787,46,69.5213405,-46.6505363333333,2024-04-13,69.5213405
739334.304421194,2903787,47,71.6091805,-46.5616543333333,2024-18-23,71.6091805
739339.301608745,2903787,48,72.3326221666667,-46.6027768333333,2024-14-28,72.3326221666667
739344.293286935,2903787,49,73.2721753333333,-47.2480873333333,2024-02-02,73.2721753333333
739349.297453602,2903787,50,74.3087353333333,-47.4772751666667,2024-08-07,74.3087353333333
739354.293298461,2903787,51,75.335032,-47.4069615,2024-02-12,75.335032
739359.296053191,2903787,52,76.1034703333333,-48.1283906666667,2024-06-17,76.1034703333333
739364.296064714,2903787,53,76.0719841666667,-48.1741483333333,2024-06-22,76.0719841666667
739369.297465123,2903787,54,77.2856466666667,-47.7895388333333,2024-08-27,77.2856466666667
739374.29605319,2903787,55,77.1859475,-47.8125316666667,2024-06-02,77.1859475
739379.29468735,2903787,56,77.6291756666667,-47.7564393333333,2024-04-07,77.6291756666667
739384.297453603,2903787,57,76.8288386666667,-47.8350675,2024-08-12,76.8288386666667
739389.297465177,2903787,58,77.3043301666667,-47.5629586666667,2024-08-17,77.3043301666667
739394.290509206,2903787,59,77.7582746666667,-48.3973725,2024-58-22,77.7582746666667
739399.298854064,2903787,60,77.7442981666667,-47.8519501666667,2024-10-27,77.7442981666667
739404.297453601,2903787,61,77.5299716666667,-47.5644275,2024-08-01,77.5299716666667
739409.297465121,2903787,62,77.5086241666667,-47.4726255,2024-08-06,77.5086241666667
739414.297453598,2903787,63,77.7682548333333,-47.3177878333333,2024-08-11,77.7682548333333
739419.300219856,2903787,64,77.9557341666667,-47.3074521666667,2024-12-16,77.9557341666667
739424.297465125,2903787,65,78.6105616666667,-47.4174885,2024-08-21,78.6105616666667
739429.297453602,2903787,66,79.5520465,-47.5010158333333,2024-08-26,79.5520465
739434.300219854,2903787,67,80.8546825,-47.5076611666667,2024-12-01,80.8546825
739439.29885401,2903787,68,81.6549243333333,-47.5358103333333,2024-10-06,81.6549243333333
739448.298865654,2903787,69,82.5042498333333,-48.4212108333333,2024-10-15,82.5042498333333
739457.297465219,2903787,70,83.0890118333333,-49.4450756666667,2024-08-24,83.0890118333333
739466.297488313,2903787,71,82.7004828333333,-50.2505698333333,2024-08-02,82.7004828333333
739061.69375,4903590,1,208.316,52.004,2023-39-24,-151.684
739062.690972222,4903590,2,208.315,52.02,2023-35-25,-151.685
739063.698611111,4903590,3,208.319,52.031,2023-46-26,-151.681
739064.695833333,4903590,4,208.334,52.029,2023-42-27,-151.666
739065.693055556,4903590,5,208.331,52.039,2023-38-28,-151.669
739070.876388889,4903590,6,208.404,52.069,2023-02-03,-151.596
739076.083333333,4903590,7,208.414,52.091,2023-00-09,-151.586
739081.273611111,4903590,8,208.45,52.1,2023-34-14,-151.55
739086.484027778,4903590,9,208.543,52.076,2023-37-19,-151.457
739091.675694444,4903590,10,208.606,52.056,2023-13-24,-151.394
739096.868055556,4903590,11,208.708,52.029,2023-50-29,-151.292
739102.06875,4903590,12,208.8,51.986,2023-39-04,-151.2
739107.259027778,4903590,13,208.904,51.914,2023-13-09,-151.096
739112.471527778,4903590,14,208.984,51.869,2023-19-14,-151.016
739117.698611111,4903590,15,209.044,51.833,2023-46-19,-150.956
739122.89375,4903590,16,209.065,51.781,2023-27-24,-150.935
739128.09375,4903590,17,209.091,51.747,2023-15-30,-150.909
739133.313888889,4903590,18,209.108,51.705,2023-32-04,-150.892
739138.525694444,4903590,19,209.079,51.668,2023-37-09,-150.921
739143.724305556,4903590,20,209.107,51.654,2023-23-14,-150.893
739148.94375,4903590,21,209.168,51.614,2023-39-19,-150.832
739154.140972222,4903590,22,209.132,51.58,2023-23-25,-150.868
739159.336805556,4903590,23,209.183,51.557,2023-05-30,-150.817
739164.526388889,4903590,24,209.256,51.541,2023-38-05,-150.744
739169.723611111,4903590,25,209.235,51.52,2023-22-10,-150.765
739174.926388889,4903590,26,209.2,51.497,2023-14-15,-150.8
739180.138194444,4903590,27,209.206,51.491,2023-19-21,-150.794
739185.339583333,4903590,28,209.156,51.496,2023-09-26,-150.844
739190.538888889,4903590,29,209.09,51.473,2023-56-31,-150.91
739195.734722222,4903590,30,209.038,51.442,2023-38-05,-150.962
739200.9375,4903590,31,209.04,51.443,2023-30-10,-150.96
739206.134027778,4903590,32,209.058,51.416,2023-13-16,-150.942
739211.359027778,4903590,33,209.041,51.409,2023-37-21,-150.959
739216.547916667,4903590,34,209.047,51.428,2023-09-26,-150.953
739221.741666667,4903590,35,209.054,51.399,2023-48-01,-150.946
739226.957638889,4903590,36,209.118,51.426,2023-59-06,-150.882
739232.164583333,4903590,37,209.154,51.41,2023-57-12,-150.846
739237.359722222,4903590,38,209.16,51.424,2023-38-17,-150.84
739242.586805556,4903590,39,209.182,51.402,2023-05-22,-150.818
739247.777777778,4903590,40,209.232,51.42,2023-40-27,-150.768
739252.977083333,4903590,41,209.239,51.395,2024-27-01,-150.761
739258.19375,4903590,42,209.296,51.364,2024-39-07,-150.704
739263.410416667,4903590,43,209.335,51.339,2024-51-12,-150.665
739268.601388889,4903590,44,209.277,51.343,2024-26-17,-150.723
739273.81875,4903590,45,209.297,51.332,2024-39-22,-150.703
739279.013888889,4903590,46,209.276,51.311,2024-20-28,-150.724
739284.202777778,4903590,47,209.243,51.315,2024-52-02,-150.757
739289.393055556,4903590,48,209.276,51.27,2024-26-07,-150.724
739294.580555556,4903590,49,209.286,51.258,2024-56-12,-150.714
739299.777777778,4903590,50,209.18,51.249,2024-40-17,-150.82
739304.977083333,4903590,51,209.163,51.232,2024-27-22,-150.837
739310.169444444,4903590,52,209.173,51.155,2024-04-28,-150.827
739315.425,4903590,53,209.178,51.1,2024-12-04,-150.822
739320.620138889,4903590,54,209.199,51.064,2024-53-09,-150.801
739325.835416667,4903590,55,209.145,51.065,2024-03-14,-150.855
739331.025694444,4903590,56,209.115,51.012,2024-37-20,-150.885
739336.211805556,4903590,57,209.119,50.935,2024-05-25,-150.881
739341.402777778,4903590,58,209.163,50.908,2024-40-30,-150.837
739346.59375,4903590,59,209.252,50.86,2024-15-04,-150.748
739351.804166667,4903590,60,209.313,50.823,2024-18-09,-150.687
739356.993055556,4903590,61,209.447,50.757,2024-50-14,-150.553
739362.210416667,4903590,62,209.534,50.703,2024-03-20,-150.466
739367.416666667,4903590,63,209.614,50.669,2024-00-25,-150.386
739372.602777778,4903590,64,209.634,50.639,2024-28-30,-150.366
739377.81875,4903590,65,209.677,50.582,2024-39-05,-150.323
739383.072916667,4903590,66,209.724,50.546,2024-45-11,-150.276
739388.2625,4903590,67,209.681,50.516,2024-18-16,-150.319
739393.453472222,4903590,68,209.645,50.495,2024-53-21,-150.355
739398.643055556,4903590,69,209.622,50.509,2024-26-26,-150.378
739403.842361111,4903590,70,209.616,50.522,2024-13-31,-150.384
739409.031944444,4903590,71,209.633,50.523,2024-46-06,-150.367
739414.222916667,4903590,72,209.636,50.523,2024-21-11,-150.364
739419.427777778,4903590,73,209.627,50.541,2024-16-16,-150.373
739424.623611111,4903590,74,209.601,50.513,2024-58-21,-150.399
739429.827777778,4903590,75,209.649,50.505,2024-52-26,-150.351
739435.020138889,4903590,76,209.711,50.497,2024-29-02,-150.289
739440.211805556,4903590,77,209.69,50.468,2024-05-07,-150.31
739445.411111111,4903590,78,209.678,50.435,2024-52-12,-150.322
739450.608333333,4903590,79,209.669,50.389,2024-36-17,-150.331
739455.80625,4903590,80,209.675,50.374,2024-21-22,-150.325
739461.009027778,4903590,81,209.712,50.338,2024-13-28,-150.288
739466.227083333,4903590,82,209.724,50.311,2024-27-02,-150.276
738928.434213036,4903658,1,72.3676211666667,-48.7982728333333,2023-25-11,72.3676211666667
738929.160080674,4903658,1,72.3845991666667,-48.7688916666667,2023-50-12,72.3845991666667
738930.286377082,4903658,2,72.357426,-48.7337485,2023-52-13,72.357426
738931.286377062,4903658,3,72.3296608333333,-48.7127725,2023-52-14,72.3296608333333
738934.284965022,4903658,4,72.208786,-48.6476165,2023-50-17,72.208786
738937.287742782,4903658,5,72.1670928333333,-48.5661798333333,2023-54-20,72.1670928333333
738947.2864465,4903658,6,72.2475608333333,-48.4091878333333,2023-52-02,72.2475608333333
738957.287823819,4903658,7,72.2970708333333,-48.289828,2023-54-12,72.2970708333333
738967.28783539,4903658,8,73.744438,-48.0962641666667,2023-54-22,73.744438
738977.278101625,4903658,9,74.2927363333333,-48.7608416666667,2023-40-01,74.2927363333333
738987.283645587,4903658,10,73.9654058333333,-48.8044996666667,2023-48-11,73.9654058333333
738997.286434947,4903658,11,73.3589133333333,-48.5459545,2023-52-21,73.3589133333333
739007.28921273,4903658,12,73.5542358333333,-48.9056383333333,2023-56-01,73.5542358333333
739017.286423378,4903658,13,73.6355353333333,-48.3316901666667,2023-52-11,73.6355353333333
739027.282268293,4903658,14,73.424691,-48.2705831666667,2023-46-21,73.424691
739037.290601613,4903658,15,74.0324091666667,-47.8209038333333,2023-58-31,74.0324091666667
739047.285034494,4903658,16,75.2663525,-48.1567865,2023-50-10,75.2663525
739057.289201157,4903658,17,74.772937,-48.3357911666667,2023-56-20,74.772937
739067.283657165,4903658,18,74.4264791666667,-48.5950893333333,2023-48-30,74.4264791666667
739077.289212722,4903658,19,74.443198,-48.6937135,2023-56-10,74.443198
739087.286446485,4903658,20,74.9248458333333,-48.6326383333333,2023-52-20,74.9248458333333
739097.285034487,4903658,21,75.7531281666667,-48.6768788333333,2023-50-30,75.7531281666667
739107.286423373,4903658,22,75.9118485,-49.304791,2023-52-09,75.9118485
739117.285046033,4903658,23,76.29595,-49.72417,2023-50-19,76.29595
739127.286434948,4903658,24,77.1017223333333,-49.9705868333333,2023-52-29,77.1017223333333
739137.285057582,4903658,25,77.195173,-50.4947226666667,2023-50-08,77.195173
739147.287812261,4903658,26,77.6369995,-50.7446931666667,2023-54-18,77.6369995
739157.285046053,4903658,27,78.0224293333333,-50.9703173333333,2023-50-28,78.0224293333333
739167.282279834,4903658,28,79.5969495,-51.426954,2023-46-08,79.5969495
739177.285057608,4903658,29,81.8703415,-52.0705693333333,2023-50-18,81.8703415
739187.282279828,4903658,30,84.7853968333333,-52.6951591666667,2023-46-28,84.7853968333333
739197.29059644,4903658,31,85.3674682774132,-51.7761213633305,2023-58-07,85.3674682774132
739198.812349365,4903658,32,85.4570825,-51.6346286666667,2023-29-08,85.4570825
739208.196215063,4903658,33,86.2348871666667,-50.7200005,2023-42-18,86.2348871666667
739218.197661849,4903658,34,89.0611906666667,-50.5134008333333,2023-44-28,89.0611906666667
739228.194814654,4903658,35,85.5383861666667,-50.962043,2023-40-08,85.5383861666667
739238.194837767,4903658,36,87.88455,-51.5908006666667,2023-40-18,87.88455
739248.193402554,4903658,37,89.2003615,-51.4610448333333,2023-38-28,89.2003615
739258.196122456,4903658,38,90.1785565,-51.3765715,2024-42-07,90.1785565
739268.197638699,4903658,39,91.4093606666667,-51.4003313333333,2024-44-17,91.4093606666667
739278.194814622,4903658,40,90.3433415,-51.9977508333333,2024-40-27,90.3433415
739288.194826177,4903658,41,90.0012301666667,-52.9177915,2024-40-06,90.0012301666667
739298.196226669,4903658,42,90.0565436666667,-54.218089,2024-42-16,90.0565436666667
739308.196203505,4903658,43,88.4938136666667,-54.6598346666667,2024-42-26,88.4938136666667
739318.194722024,4903658,44,87.7112665,-54.9159588333333,2024-40-07,87.7112665
739328.197603971,4903658,45,85.782172,-53.5495931666667,2024-44-17,85.782172
739338.194826178,4903658,46,86.7195965,-52.9150226666667,2024-40-27,86.7195965
739343.280925709,4903658,47,86.7785948333333,-52.7972973333333,2024-44-01,86.7785948333333
739348.28094882,4903658,48,89.5248198333333,-52.453255,2024-44-06,89.5248198333333
739353.278078494,4903658,49,91.3369898333333,-52.8825756666667,2024-40-11,91.3369898333333
739358.366944188,4903658,50,90.4767025,-52.8959036666667,2024-48-16,90.4767025
739363.36971037,4903658,51,89.8068743333333,-52.5217125,2024-52-21,89.8068743333333
739368.284999725,4903658,52,90.0940946666667,-51.9747485,2024-50-26,90.0940946666667
739373.290543714,4903658,53,89.905008,-51.2559251666667,2024-58-01,89.905008
739378.289154805,4903658,54,90.4066466666667,-50.7815243333333,2024-56-06,90.4066466666667
739383.284999729,4903658,55,91.8022886666667,-50.6884231666667,2024-50-11,91.8022886666667
739388.286388611,4903658,56,92.9446111666667,-50.6488326666667,2024-52-16,92.9446111666667
739393.289166344,4903658,57,94.0979641666667,-49.8820945,2024-56-21,94.0979641666667
739398.283599325,4903658,58,95.6072438333333,-49.7098578333333,2024-48-26,95.6072438333333
739403.287765977,4903658,59,97.1613373333333,-49.8757641666667,2024-54-31,97.1613373333333
739408.283610853,4903658,60,98.4739553333334,-49.0907351666667,2024-48-05,98.4739553333334
739413.286354011,4903658,61,98.7601721666667,-48.5377681666667,2024-52-10,98.7601721666667
739418.286365536,4903658,62,98.7245695,-48.0717476666667,2024-52-15,98.7245695
739423.2849882,4903658,63,98.4224986666667,-47.8225781666667,2024-50-20,98.4224986666667
739428.286377092,4903658,64,98.0022081666667,-47.9844643333333,2024-52-25,98.0022081666667
739433.284976618,4903658,65,97.432513,-48.2056183333333,2024-50-30,97.432513
739438.28358773,4903658,66,96.9597045,-48.1365905,2024-48-05,96.9597045
739447.286400252,4903658,67,96.6123826666667,-47.313251,2024-52-14,96.6123826666667
739456.283622477,4903658,68,96.7426321666667,-46.6841435,2024-48-23,96.7426321666667
739465.285011367,4903658,69,96.8820306666667,-46.322998,2024-50-01,96.8820306666667
739042.192905093,4903660,1,66.4464096666667,17.6351118333333,2023-37-05,66.4464096666667
739042.925706018,4903660,1,66.4650976666667,17.6670805,2023-13-05,66.4650976666667
739043.305752315,4903660,2,66.4730001666667,17.6863185,2023-20-06,66.4730001666667
739044.298171296,4903660,3,66.5169953333333,17.7144358333333,2023-09-07,66.5169953333333
739045.292615741,4903660,4,66.5607818333333,17.7320875,2023-01-08,66.5607818333333
739046.295405093,4903660,5,66.6164766666667,17.7414813333333,2023-05-09,66.6164766666667
739047.293993325,4903660,6,66.6649056666667,17.7331798333333,2023-03-10,66.6649056666667
739048.295393519,4903660,7,66.6637908333333,17.6881845,2023-05-11,66.6637908333333
739049.294015933,4903660,8,66.700561,17.5723215,2023-03-12,66.700561
739058.299513918,4903660,9,66.6062158333333,16.9910895,2023-11-21,66.6062158333333
739067.298113455,4903660,10,66.189918,16.6089611666667,2023-09-30,66.189918
739076.289791695,4903660,11,65.686225,16.326757,2023-57-09,65.686225
739085.293946788,4903660,12,65.3582225,16.1066933333333,2023-03-18,65.3582225
739094.296689844,4903660,13,65.1265256666667,15.699559,2023-07-27,65.1265256666667
739103.292557899,4903660,14,64.9146751666667,15.238185,2023-01-05,64.9146751666667
739112.29116901,4903660,15,64.8202253333333,14.8568831666667,2023-59-14,64.8202253333333
739121.29116901,4903660,16,64.9091483333333,14.7442368333333,2023-59-23,64.9091483333333
739130.29116901,4903660,17,64.9784615,14.9638193333333,2023-59-01,64.9784615
739139.289791695,4903660,18,64.7854096666667,15.2044545,2023-57-10,64.7854096666667
739148.29116901,4903660,19,64.4557351666667,15.5039885,2023-59-19,64.4557351666667
739157.291180584,4903660,20,64.3269638333333,15.644457,2023-59-28,64.3269638333333
739166.295335676,4903660,21,64.257256,15.6436711666667,2023-05-07,64.257256
739175.29116901,4903660,22,64.2032813333333,15.7313763333333,2023-59-16,64.2032813333333
739184.292523176,4903660,23,64.0832591666667,15.8134446666667,2023-01-25,64.0832591666667
739193.293946788,4903660,24,64.0124208333333,15.6856266666667,2023-03-03,64.0124208333333
739202.291180583,4903660,25,64.0498581666667,15.3839445,2023-59-12,64.0498581666667
739203.79400463,4903660,26,64.0396363333333,15.3267448333333,2023-03-13,64.0396363333333
739213.291169008,4903660,27,64.1065448333333,15.1111318333333,2023-59-23,64.1065448333333
739222.295347222,4903660,28,64.0602035,15.194688,2023-05-02,64.0602035
739231.292557899,4903660,29,64.259884,15.2596896666667,2023-01-11,64.259884
739240.292557899,4903660,30,64.5549856666667,15.5155906666667,2023-01-20,64.5549856666667
739249.293958333,4903660,31,64.7684381666667,16.0625508333333,2023-03-29,64.7684381666667
739258.292557899,4903660,32,65.0985846666667,16.2560605,2024-01-07,65.0985846666667
739267.29116901,4903660,33,65.3284573333333,16.143967,2024-59-16,65.3284573333333
739276.29116901,4903660,34,65.3506498333333,16.2657075,2024-59-25,65.3506498333333
739285.288379685,4903660,35,65.3096483333333,16.4225851666667,2024-55-03,65.3096483333333
739294.287013889,4903660,36,65.34677,16.4713171666667,2024-53-12,65.34677
739303.292557898,4903660,37,65.478095,16.563512,2024-01-21,65.478095
739312.287013917,4903660,38,65.5654255,16.7261628333333,2024-53-01,65.5654255
739321.293946788,4903660,39,65.6781876666667,16.9673125,2024-03-10,65.6781876666667
739330.289780121,4903660,40,65.800131,16.9973421666667,2024-57-19,65.800131
739339.291180584,4903660,41,65.8130066666667,17.0378773333333,2024-59-28,65.8130066666667
739344.288402778,4903660,42,65.7983276666667,16.9373398333333,2024-55-02,65.7983276666667
739349.291180556,4903660,43,65.6594591666667,16.8310398333333,2024-59-07,65.6594591666667
739354.296736111,4903660,44,65.4624046666667,16.7749863333333,2024-07-12,65.4624046666667
739359.292581019,4903660,45,65.2722466666667,16.7398801666667,2024-01-17,65.2722466666667
739364.292569444,4903660,46,65.0870425,16.693306,2024-01-22,65.0870425
739369.293958333,4903660,47,64.8599601666667,16.6540953333333,2024-03-27,64.8599601666667
739374.291180556,4903660,48,64.6507921666667,16.6364305,2024-59-02,64.6507921666667
739379.292569444,4903660,49,64.4602111666667,16.5574465,2024-01-07,64.4602111666667
739384.296736111,4903660,50,64.2715296666667,16.4621818333333,2024-07-12,64.2715296666667
739389.292569444,4903660,51,64.023927,16.3505748333333,2024-01-17,64.023927
739394.295347222,4903660,52,63.7328836666667,16.2948876666667,2024-05-22,63.7328836666667
739399.291180556,4903660,53,63.4795323333333,16.2681953333333,2024-59-27,63.4795323333333
739404.292569444,4903660,54,63.2330691666667,16.2138078333333,2024-01-01,63.2330691666667
739409.295358796,4903660,55,63.012702,16.1445963333333,2024-05-06,63.012702
739414.292569444,4903660,56,62.8201936666667,16.0846571666667,2024-01-11,62.8201936666667
739419.293958333,4903660,57,62.6457381666667,16.0462841666667,2024-03-16,62.6457381666667
739424.292569444,4903660,58,62.4946673333333,15.9573926666667,2024-01-21,62.4946673333333
739429.295347222,4903660,59,62.3608391666667,15.8484028333333,2024-05-26,62.3608391666667
739434.293969907,4903660,60,62.268982,15.8272021666667,2024-03-01,62.268982
739439.292569444,4903660,61,62.2219941666667,15.8884718333333,2024-01-06,62.2219941666667
739448.295324134,4903660,62,62.0564036666667,16.0259538333333,2024-05-15,62.0564036666667
739457.292569444,4903660,63,61.93037,16.0136635,2024-01-24,61.93037
739466.293958362,4903660,64,61.9147863333333,15.955483,2024-03-02,61.9147863333333
739051.488622613,4903739,1,-22.4922,48.4552555,2023-43-14,-22.4922
739052.213079048,4903739,1,-22.4244663333333,48.4576,2023-06-15,-22.4244663333333
739053.542604355,4903739,2,-22.3409738333333,48.4257271666667,2023-01-16,-22.3409738333333
739056.493079156,4903739,3,-22.2905478333333,48.2708358333333,2023-50-19,-22.2905478333333
739059.494491008,4903739,4,-22.521045,48.2649793333333,2023-52-22,-22.521045
739062.495845358,4903739,5,-22.6199833333333,48.3994735,2023-54-25,-22.6199833333333
739065.490301287,4903739,6,-22.5124701666667,48.4944951666667,2023-46-28,-22.5124701666667
739068.502801292,4903739,7,-22.292367,48.369789,2023-04-01,-22.292367
739071.511146187,4903739,8,-22.251243,48.1400385,2023-16-04,-22.251243
739074.518090651,4903739,9,-22.3221138333333,48.0240406666667,2023-26-07,-22.3221138333333
739077.516701749,4903739,10,-22.4851568333333,47.8603336666667,2023-24-10,-22.4851568333333
739080.511146098,4903739,11,-22.7460243333333,47.9209378333333,2023-16-13,-22.7460243333333
739083.511134608,4903739,12,-22.679399,48.0480238333333,2023-16-16,-22.679399
739086.513912391,4903739,13,-22.4467701666667,47.8395223333333,2023-20-19,-22.4467701666667
739089.515301285,4903739,14,-22.3874966666667,47.489779,2023-22-22,-22.3874966666667
739092.509745813,4903739,15,-22.646541,47.2636451666667,2023-14-25,-22.646541
739095.505602117,4903739,16,-22.8204996666667,47.2283893333333,2023-08-28,-22.8204996666667
739098.518090629,4903739,17,-22.7220898333333,47.1999055,2023-26-31,-22.7220898333333
739108.519375353,4903739,18,-23.0019363333333,46.1335346666667,2023-27-10,-23.0019363333333
739118.512419327,4903739,19,-22.9769251666667,46.065537,2023-17-20,-22.9769251666667
739128.512419334,4903739,20,-22.2540785,45.3016661666667,2023-17-30,-22.2540785
739138.511018928,4903739,21,-22.0815171666667,44.862964,2023-15-09,-22.0815171666667
739148.504097579,4903739,22,-22.072085,44.2706218333333,2023-05-19,-22.072085
739158.515174028,4903739,23,-22.913733,44.0902196666667,2023-21-29,-22.913733
739168.513808221,4903739,24,-23.251708,43.6298348333333,2023-19-09,-23.251708
739178.515185595,4903739,25,-23.93819,43.575115,2023-21-19,-23.93819
739188.513796675,4903739,26,-25.1867361666667,42.9963981666667,2023-19-29,-25.1867361666667
739198.515174014,4903739,27,-26.3545603333333,42.8597283333333,2023-21-08,-26.3545603333333
739200.057882112,4903739,28,-26.4655598333333,42.8247163333333,2023-23-10,-26.4655598333333
739209.509641602,4903739,29,-26.9032618333333,42.8978756666667,2023-13-19,-26.9032618333333
739219.506852258,4903739,30,-27.0810996666667,42.925706,2023-09-29,-27.0810996666667
739229.509653132,4903739,31,-27.3013961666667,43.351333,2023-13-09,-27.3013961666667
739239.516586032,4903739,32,-27.6797361666667,43.7289,2023-23-19,-27.6797361666667
739249.513796696,4903739,33,-27.2846445,43.9466271666667,2023-19-29,-27.2846445
739259.509618464,4903739,34,-25.7092206666667,44.122899,2024-13-08,-25.7092206666667
739269.511030446,4903739,35,-25.4143911666667,45.099506,2024-15-18,-25.4143911666667
739279.512396185,4903739,36,-24.8625991666667,45.8199756666667,2024-17-28,-24.8625991666667
739289.517974885,4903739,37,-24.0448003333333,45.5623356666667,2024-25-07,-24.0448003333333
739299.515197146,4903739,38,-23.4613555,44.6455866666667,2024-21-17,-23.4613555
739309.515162422,4903739,39,-22.7973068333333,43.8238191666667,2024-21-27,-22.7973068333333
739319.509630027,4903739,40,-22.6733335,43.046181,2024-13-08,-22.6733335
739329.508264241,4903739,41,-22.3751731666667,43.007162,2024-11-18,-22.3751731666667
739339.516586048,4903739,42,-22.749806,42.689936,2024-23-28,-22.749806
739345.559699417,4903739,43,-22.7201165,42.4740518333333,2024-25-03,-22.7201165
739351.558310536,4903739,44,-22.8185108333333,42.3152588333333,2024-23-09,-22.8185108333333
739357.556910121,4903739,45,-23.1116728333333,42.1766053333333,2024-21-15,-23.1116728333333
739363.556944749,4903739,46,-23.0432056666667,42.0932413333333,2024-22-21,-23.0432056666667
739369.561088363,4903739,47,-22.6454846666667,42.2560485,2024-27-27,-22.6454846666667
739375.555555861,4903739,48,-22.4812388333333,42.6145425,2024-20-03,-22.4812388333333
739381.558299004,4903739,49,-22.715911,42.7265828333333,2024-23-09,-22.715911
739387.556910122,4903739,50,-23.0469796666667,42.5484725,2024-21-15,-23.0469796666667
739393.561088311,4903739,51,-23.0850281666667,42.3657976666667,2024-27-21,-23.0850281666667
739399.558287483,4903739,52,-22.9040431666667,42.2381731666667,2024-23-27,-22.9040431666667
739405.551366138,4903739,53,-22.6334273333333,42.1925398333333,2024-13-02,-22.6334273333333
739411.552743357,4903739,54,-22.4127945,42.1639233333333,2024-15-08,-22.4127945
739417.555544333,4903739,55,-22.254091,41.938799,2024-19-14,-22.254091
739423.540266547,4903739,56,-21.9745245,41.5532611666667,2024-57-20,-21.9745245
739429.549965663,4903739,57,-22.0730526666667,41.0209295,2024-11-26,-22.0730526666667
739435.551366084,4903739,58,-22.306466,40.7062328333333,2024-13-02,-22.306466
739441.552766552,4903739,59,-22.5900125,40.6030828333333,2024-15-08,-22.5900125
739451.556852223,4903739,60,-23.4602141666667,40.6460658333333,2024-21-18,-23.4602141666667
739461.562419355,4903739,61,-24.5035933333333,40.8950813333333,2024-29-28,-24.5035933333333
739016.633402645,4903740,1,-16.4975491666667,48.9951483333333,2023-12-10,-16.4975491666667
739017.3592368,4903740,1,-16.4892378333333,48.9145468333333,2023-37-11,-16.4892378333333
739018.475937722,4903740,2,-16.4860683333333,48.8103848333333,2023-25-12,-16.4860683333333
739024.478542189,4903740,3,-16.9161835,48.1511095,2023-29-18,-16.9161835
739030.517419579,4903740,4,-16.6317528333333,47.7082868333333,2023-25-24,-16.6317528333333
739036.51605371,4903740,5,-16.0599851666667,47.7274368333333,2023-23-30,-16.0599851666667
739039.50498902,4903740,6,-15.433583,47.6231265,2023-07-02,-15.433583
739042.516123104,4903740,7,-15.157221,47.7196701666667,2023-23-05,-15.157221
739045.516111616,4903740,8,-15.12732,47.8985581666667,2023-23-08,-15.12732
739048.514722726,4903740,9,-15.2823811666667,48.149161,2023-21-11,-15.2823811666667
739051.514722741,4903740,10,-15.6777996666667,48.38519,2023-21-14,-15.6777996666667
739054.47083388,4903740,11,-16.085097,48.500302,2023-18-17,-16.085097
739057.470845358,4903740,12,-16.4080815,48.5203515,2023-18-20,-16.4080815
739060.468090637,4903740,13,-16.607308,48.3962231666667,2023-14-23,-16.607308
739063.473611649,4903740,14,-16.770762,48.1809076666667,2023-22-26,-16.770762
739066.470845376,4903740,15,-16.8698701666667,47.9662591666667,2023-18-29,-16.8698701666667
739069.512523602,4903740,16,-16.7489541666667,47.7486896666667,2023-18-02,-16.7489541666667
739072.509745835,4903740,17,-16.4393143333333,47.5931388333333,2023-14-05,-16.4393143333333
739075.508345402,4903740,18,-15.8236316666667,47.4972573333333,2023-12-08,-15.8236316666667
739078.511123133,4903740,19,-15.3610915,47.5697395,2023-16-11,-15.3610915
739081.502812853,4903740,20,-15.153927,47.6865931666667,2023-04-14,-15.153927
739084.508333866,4903740,21,-15.0497001666667,47.9443786666667,2023-12-17,-15.0497001666667
739087.513900917,4903740,22,-15.0485015,48.1865135,2023-20-20,-15.0485015
739090.515301295,4903740,23,-15.0954705,48.3503263333333,2023-22-23,-15.0954705
739093.515289915,4903740,24,-15.1608488333333,48.4804551666667,2023-22-26,-15.1608488333333
739096.508356832,4903740,25,-15.1826898333333,48.59397,2023-12-29,-15.1826898333333
739099.515289807,4903740,26,-15.1418596666667,48.6530835,2023-22-01,-15.1418596666667
739109.513727466,4903740,27,-14.9287991666667,48.7960058333333,2023-19-11,-14.9287991666667
739119.513750516,4903740,28,-15.1212065,48.8454908333333,2023-19-21,-15.1212065
739129.513727395,4903740,29,-15.0845416666667,49.1285456666667,2023-19-31,-15.0845416666667
739139.513727334,4903740,30,-14.4877696666667,49.5609313333333,2023-19-10,-14.4877696666667
739149.513738955,4903740,31,-13.8737071666667,49.7113101666667,2023-19-20,-13.8737071666667
739159.517905666,4903740,32,-13.8604396666667,50.0606148333333,2023-25-30,-13.8604396666667
739169.329282922,4903740,33,-13.818853,50.6436805,2023-54-10,-13.818853
739178.515162532,4903740,34,-12.6862086666667,50.7188078333333,2023-21-19,-12.6862086666667
739188.515127836,4903740,35,-13.3244353333333,50.8253578333333,2023-21-29,-13.3244353333333
739198.512350088,4903740,36,-12.6040875,50.5825815,2023-17-08,-12.6040875
739200.057870729,4903740,37,-12.6048826666667,50.6433735,2023-23-10,-12.6048826666667
739209.509595504,4903740,38,-12.7785081666667,51.1938638333333,2023-13-19,-12.7785081666667
739219.434537579,4903740,39,-12.4456856666667,51.2354873333333,2023-25-29,-12.4456856666667
739228.522431125,4903740,40,-12.540664,51.1476566666667,2023-32-08,-12.540664
739238.532153275,4903740,41,-13.0476498333333,51.100657,2023-46-18,-13.0476498333333
739248.202408041,4903740,42,-13.7280181666667,50.8528131666667,2023-51-28,-13.7280181666667
739257.510984283,4903740,43,-13.3341185,50.0658826666667,2024-15-06,-13.3341185
739267.513738975,4903740,44,-12.6102995,50.0078908333333,2024-19-16,-12.6102995
739277.510972705,4903740,45,-12.5304761666667,49.9024675,2024-15-26,-12.5304761666667
739287.288519064,4903740,46,-12.249366,49.6537756666667,2024-55-05,-12.249366
739296.129607041,4903740,47,-11.7595778333333,49.7100451666667,2024-06-14,-11.7595778333333
739305.407523639,4903740,48,-11.8273176666667,49.9834685,2024-46-23,-11.8273176666667
739314.126887127,4903740,49,-11.7120208333333,49.7850751666667,2024-02-03,-11.7120208333333
739323.118333884,4903740,50,-11.8279458333333,49.2892218333333,2024-50-12,-11.8279458333333
739332.033715789,4903740,51,-11.8391898333333,49.1167701666667,2024-48-21,-11.8391898333333
739341.530775992,4903740,52,-11.8316503333333,48.8399088333333,2024-44-30,-11.8316503333333
739346.556331624,4903740,53,-12.3271193333333,48.6371465,2024-21-04,-12.3271193333333
739351.560532819,4903740,54,-12.7193615,48.9467898333333,2024-27-09,-12.7193615
739356.557743522,4903740,55,-12.7630885,49.4157546666667,2024-23-14,-12.7630885
739361.55910935,4903740,56,-12.4137803333333,49.7066788333333,2024-25-19,-12.4137803333333
739366.554965723,4903740,57,-12.4107365,49.5166125,2024-19-24,-12.4107365
739371.553576843,4903740,58,-12.692676,49.5741165,2024-17-29,-12.692676
739376.556331554,4903740,59,-12.8095376666667,49.8504525,2024-21-04,-12.8095376666667
739381.559132393,4903740,60,-12.9300393333333,50.0397945,2024-25-09,-12.9300393333333
739386.556354662,4903740,61,-13.2605058333333,50.1343818333333,2024-21-14,-13.2605058333333
739391.559132395,4903740,62,-13.7697628333333,50.1126666666667,2024-25-19,-13.7697628333333
739396.55914394,4903740,63,-13.9055341666667,50.2312161666667,2024-25-24,-13.9055341666667
739401.559120896,4903740,64,-13.923954,50.439878,2024-25-29,-13.923954
739406.559132394,4903740,65,-13.7735966666667,50.6669356666667,2024-25-03,-13.7735966666667
739411.55636615,4903740,66,-13.4304546666667,50.8855801666667,2024-21-08,-13.4304546666667
739416.559120894,4903740,67,-12.6265001666667,50.8686006666667,2024-25-13,-12.6265001666667
739421.559132399,4903740,68,-11.9930261666667,51.0359215,2024-25-18,-11.9930261666667
739426.561933262,4903740,69,-11.8504105,51.2687708333333,2024-29-23,-11.8504105
739431.482431075,4903740,70,-12.164634,51.6807391666667,2024-34-28,-12.164634
739436.560532804,4903740,71,-12.476373,51.7993106666667,2024-27-03,-12.476373
739445.554167168,4903740,72,-13.3361466666667,51.6684386666667,2024-18-12,-13.3361466666667
739454.551389397,4903740,73,-13.5406841666667,51.2762426666667,2024-14-21,-13.5406841666667
739463.556273619,4903740,74,-12.7519696666667,50.68646,2024-21-30,-12.7519696666667
739036.934722222,5907061,1,201.953,22.826,2023-26-30,-158.047
739037.923611111,5907061,2,201.899,22.851,2023-10-31,-158.101
739038.911805556,5907061,3,201.826,22.857,2023-53-01,-158.174
739039.909027778,5907061,4,201.767,22.862,2023-49-02,-158.233
739040.902083333,5907061,5,201.721,22.869,2023-39-03,-158.279
739041.899305556,5907061,6,201.663,22.878,2023-35-04,-158.337
739042.9,5907061,7,201.618,22.877,2023-36-05,-158.382
739043.978472222,5907061,8,201.566,22.871,2023-29-06,-158.434
739045.058333333,5907061,9,201.507,22.877,2023-24-08,-158.493
739046.134722222,5907061,10,201.45,22.88,2023-14-09,-158.55
739047.218055556,5907061,11,201.398,22.886,2023-14-10,-158.602
739048.295833333,5907061,12,201.365,22.882,2023-06-11,-158.635
739049.375,5907061,13,201.351,22.902,2023-00-12,-158.649
739050.457638889,5907061,14,201.33,22.932,2023-59-13,-158.67
739051.541666667,5907061,15,201.298,22.961,2023-00-14,-158.702
739052.626388889,5907061,16,201.245,22.984,2023-02-15,-158.755
739053.714583333,5907061,17,201.173,22.994,2023-09-16,-158.827
739054.800694444,5907061,18,201.124,22.986,2023-13-17,-158.876
739055.904861111,5907061,19,201.075,22.971,2023-43-18,-158.925
739057.011111111,5907061,20,201.047,22.967,2023-16-20,-158.953
739058.09375,5907061,21,201.03,22.973,2023-15-21,-158.97
739059.172916667,5907061,22,201.012,22.988,2023-09-22,-158.988
739060.259722222,5907061,23,200.977,23.009,2023-14-23,-159.023
739061.363194444,5907061,24,200.927,23.012,2023-43-24,-159.073
739062.465277778,5907061,25,200.876,23.006,2023-10-25,-159.124
739063.547222222,5907061,26,200.838,23.008,2023-08-26,-159.162
739064.647222222,5907061,27,200.806,23.019,2023-32-27,-159.194
739065.743055556,5907061,28,200.7,23.083,2023-50-28,-159.3
739070.940972222,5907061,29,200.638,23.252,2023-35-03,-159.362
739076.129861111,5907061,30,200.742,23.387,2023-07-09,-159.258
739081.328472222,5907061,31,200.851,23.472,2023-53-14,-159.149
739086.509027778,5907061,32,200.979,23.47,2023-13-19,-159.021
739091.689583333,5907061,33,201.051,23.443,2023-33-24,-158.949
739096.894444444,5907061,34,201.123,23.351,2023-28-29,-158.877
739102.104166667,5907061,35,201.29,23.143,2023-30-04,-158.71
739107.325694444,5907061,36,201.365,22.902,2023-49-09,-158.635
739112.51875,5907061,37,201.349,22.669,2023-27-14,-158.651
739117.720138889,5907061,38,201.298,22.429,2023-17-19,-158.702
739122.910416667,5907061,39,201.255,22.232,2023-51-24,-158.745
739128.109027778,5907061,40,201.223,22.048,2023-37-30,-158.777
739133.291666667,5907061,41,201.151,21.883,2023-00-04,-158.849
739138.446527778,5907061,42,201.294,21.777,2023-43-09,-158.706
739143.615277778,5907061,43,201.608,21.752,2023-46-14,-158.392
739148.800694444,5907061,44,201.986,21.861,2023-13-19,-158.014
739154.033333333,5907061,45,202.279,21.722,2023-48-25,-157.721
739159.221527778,5907061,46,202.286,21.66,2023-19-30,-157.714
739164.413194444,5907061,47,202.265,21.636,2023-55-05,-157.735
739169.547916667,5907061,48,202.277,21.582,2023-09-10,-157.723
739174.709027778,5907061,49,202.342,21.567,2023-01-15,-157.658
739179.842361111,5907061,50,202.363,21.545,2023-13-20,-157.637
739185.029166667,5907061,51,202.282,21.64,2023-42-26,-157.718
739190.215972222,5907061,52,202.295,21.623,2023-11-31,-157.705
739195.403472222,5907061,53,202.229,21.729,2023-41-05,-157.771
739200.590277778,5907061,54,202.199,21.757,2023-10-10,-157.801
739205.759722222,5907061,55,202.186,21.741,2023-14-15,-157.814
739210.8875,5907061,56,202.177,21.734,2023-18-20,-157.823
739216.013888889,5907061,57,202.181,21.743,2023-20-26,-157.819
739221.152777778,5907061,58,202.186,21.741,2023-40-01,-157.814
739226.290972222,5907061,59,202.184,21.738,2023-59-06,-157.816
739231.409027778,5907061,60,202.209,21.72,2023-49-11,-157.791
739236.589583333,5907061,61,202.234,21.69,2023-09-16,-157.766
739241.805555556,5907061,62,202.29,21.616,2023-20-21,-157.71
739246.996527778,5907061,63,202.257,21.683,2023-55-26,-157.743
739252.180555556,5907061,64,202.179,21.83,2024-20-01,-157.821
739257.359027778,5907061,65,202.155,21.806,2024-37-06,-157.845
739262.524305556,5907061,66,202.212,21.722,2024-35-11,-157.788
739267.711805556,5907061,67,202.438,21.714,2024-05-16,-157.562
739272.884027778,5907061,68,202.344,21.648,2024-13-21,-157.656
739278.086805556,5907061,69,202.492,21.659,2024-05-27,-157.508
739283.270138889,5907061,70,202.526,21.551,2024-29-01,-157.474
739288.444444444,5907061,71,202.574,21.736,2024-40-06,-157.426
739293.631944444,5907061,72,203.135,21.846,2024-10-11,-156.865
739298.809027778,5907061,73,203.484,22.34,2024-25-16,-156.516
739303.990277778,5907061,74,203.951,22.434,2024-46-21,-156.049
739309.186805556,5907061,75,204.301,22.066,2024-29-27,-155.699
739314.385416667,5907061,76,204.569,21.702,2024-15-03,-155.431
739319.559027778,5907061,77,205.013,21.728,2024-25-08,-154.987
739324.738194444,5907061,78,205.391,21.962,2024-43-13,-154.609
739329.947222222,5907061,79,205.634,22.152,2024-44-18,-154.366
739335.1375,5907061,80,205.85,22.329,2024-18-24,-154.15
739340.339583333,5907061,81,206.02,22.417,2024-09-29,-153.98
739345.553472222,5907061,82,206.141,22.494,2024-17-03,-153.859
739350.740972222,5907061,83,206.275,22.569,2024-47-08,-153.725
739355.924305556,5907061,84,206.466,22.568,2024-11-13,-153.534
739361.114583333,5907061,85,206.675,22.498,2024-45-19,-153.325
739366.296527778,5907061,86,206.828,22.385,2024-07-24,-153.172
739371.476388889,5907061,87,206.852,22.191,2024-26-29,-153.148
739376.7,5907061,88,206.76,21.951,2024-48-04,-153.24
739381.915277778,5907061,89,206.645,21.782,2024-58-09,-153.355
739387.107638889,5907061,90,206.582,21.73,2024-35-15,-153.418
739392.295833333,5907061,91,206.584,21.807,2024-06-20,-153.416
739397.48125,5907061,92,206.608,21.887,2024-33-25,-153.392
739402.660416667,5907061,93,206.611,21.964,2024-51-30,-153.389
739408.060416667,5907061,94,206.613,22.045,2024-27-05,-153.387
739413.3,5907061,95,206.687,22.161,2024-12-10,-153.313
739418.547916667,5907061,96,206.814,22.317,2024-09-15,-153.186
739423.782638889,5907061,97,206.967,22.515,2024-47-20,-153.033
739428.996527778,5907061,98,207.085,22.691,2024-55-25,-152.915
739434.210416667,5907061,99,207.171,22.868,2024-03-01,-152.829
739439.426388889,5907061,100,207.258,23.02,2024-14-06,-152.742
739444.635416667,5907061,101,207.301,23.117,2024-15-11,-152.699
739449.835416667,5907061,102,207.35,23.147,2024-03-16,-152.65
739455.030555556,5907061,103,207.439,23.139,2024-44-22,-152.561
739460.227083333,5907061,104,207.573,23.074,2024-27-27,-152.427
739465.443055556,5907061,105,207.789,22.968,2024-38-01,-152.211
738822.142696759,6990503,1,52.000136,-5.501343,2022-25-28,52.000136
738822.871342593,6990503,1,51.9775521666667,-5.558743,2022-54-28,51.9775521666667
738823.354375,6990503,2,51.9402855,-5.5893265,2022-30-29,51.9402855
738825.321041793,6990503,3,51.9195161666667,-5.65469666666667,2022-42-31,51.9195161666667
738827.316875124,6990503,4,51.8978151666667,-5.6591775,2022-36-02,51.8978151666667
738830.322419064,6990503,5,51.947541,-5.59854216666667,2022-44-05,51.947541
738833.322419065,6990503,6,51.9746856666667,-5.39245683333333,2022-44-08,51.9746856666667
738836.326597285,6990503,7,51.9297295,-5.125702,2022-50-11,51.9297295
738839.325208421,6990503,8,51.7832076666667,-4.89179133333333,2022-48-14,51.7832076666667
738842.321041752,6990503,9,51.5569555,-4.6033565,2022-42-17,51.5569555
738845.323819529,6990503,10,51.4060195,-4.40594333333333,2022-46-20,51.4060195
738848.319652863,6990503,11,51.204195,-4.27295916666667,2022-40-23,51.204195
738858.329340384,6990503,12,50.6952491666667,-4.16872233333333,2022-54-03,50.6952491666667
738868.332118161,6990503,13,50.085924,-3.90428966666667,2022-58-13,50.085924
738878.329340382,6990503,14,49.9698875,-3.659442,2022-54-23,49.9698875
738888.31682883,6990503,15,50.9123068333333,-3.58007466666667,2023-36-02,50.9123068333333
738898.327928372,6990503,16,51.593608,-3.48090883333333,2023-52-12,51.593608
738908.329328808,6990503,17,51.7405285,-3.2290125,2023-54-22,51.7405285
738918.332118161,6990503,18,51.4461366666667,-3.1768645,2023-58-01,51.4461366666667
738928.323761705,6990503,19,51.588429,-3.5424435,2023-46-11,51.588429
738938.32238439,6990503,20,52.443133,-3.431137,2023-44-21,52.443133
738948.329328838,6990503,21,53.5343883333333,-2.4664285,2023-54-03,53.5343883333333
738958.327939947,6990503,22,54.7476936666667,-3.01463483333333,2023-52-13,54.7476936666667
738968.330717725,6990503,23,55.9876226666667,-2.733163,2023-56-23,55.9876226666667
738978.327928374,6990503,24,57.1125691666667,-2.81725316666667,2023-52-02,57.1125691666667
738988.327939947,6990503,25,57.9359161666667,-3.49469783333333,2023-52-12,57.9359161666667
738998.327939946,6990503,26,58.5582928333333,-3.1898185,2023-52-22,58.5582928333333
739008.329340383,6990503,27,58.9214783333333,-2.68224316666667,2023-54-02,58.9214783333333
739018.32932881,6990503,28,59.2770673333333,-2.7086305,2023-54-12,59.2770673333333
739028.329340383,6990503,29,59.5074688333333,-3.29327766666667,2023-54-22,59.5074688333333
739038.327939922,6990503,30,60.1238051666667,-3.58723,2023-52-01,60.1238051666667
739048.330729274,6990503,31,60.7904093333333,-3.55545166666667,2023-56-11,60.7904093333333
739058.333507051,6990503,32,61.2777326666667,-3.42134583333333,2023-00-21,61.2777326666667
739068.3307177,6990503,33,61.2852526666667,-3.86551683333333,2023-56-01,61.2852526666667
739078.330729272,6990503,34,61.2613878333333,-4.19971833333333,2023-56-11,61.2613878333333
739088.329328812,6990503,35,61.1876758333333,-4.55578516666667,2023-54-21,61.1876758333333
739098.323773278,6990503,36,61.0666591666667,-4.46773916666667,2023-46-31,61.0666591666667
739108.330717728,6990503,37,60.6749616666667,-4.684088,2023-56-10,60.6749616666667
739118.327939947,6990503,38,59.8171945,-4.6376395,2023-52-20,59.8171945
739128.333483928,6990503,39,58.767966,-4.65861,2023-00-30,58.767966
739138.322384363,6990503,40,57.6541176666667,-4.787179,2023-44-09,57.6541176666667
739148.327939947,6990503,41,57.300741,-4.928119,2023-52-19,57.300741
739158.330729277,6990503,42,56.8193195,-4.50980633333333,2023-56-29,56.8193195
739168.330729271,6990503,43,55.9275553333333,-3.46592066666667,2023-56-09,55.9275553333333
739178.326562605,6990503,44,55.7977098333333,-2.37727733333333,2023-50-19,55.7977098333333
739188.329351957,6990503,45,56.0156041666667,-2.40527033333333,2023-54-29,56.0156041666667
739198.327939947,6990503,46,56.9982771666667,-2.20155033333333,2023-52-08,56.9982771666667
739199.830821759,6990503,47,57.008845,-2.22543783333333,2023-56-09,57.008845
739209.332106593,6990503,48,58.4778141666667,-2.2043175,2023-58-19,58.4778141666667
739219.333483957,6990503,49,60.3787566666667,-1.946974,2023-00-29,60.3787566666667
739229.332118163,6990503,50,61.6206283333333,-2.13304283333333,2023-58-09,61.6206283333333
739239.327939921,6990503,51,63.291946,-2.752572,2023-52-19,63.291946
739249.332106615,6990503,52,64.7848,-2.20616,2023-58-29,64.7848
739259.334884397,6990503,53,65.1835331666667,-2.4862445,2024-02-08,65.1835331666667
739269.329328836,6990503,54,66.025119,-2.22095083333333,2024-54-18,66.025119
739279.333495505,6990503,55,66.2316591666667,-2.17457,2024-00-28,66.2316591666667
739289.336261711,6990503,56,66.2923586666667,-2.7486485,2024-04-07,66.2923586666667
739299.326539486,6990503,57,66.2091793333333,-2.87006366666667,2024-50-17,66.2091793333333
739309.340428377,6990503,58,66.4176996666667,-3.01078066666667,2024-10-27,66.4176996666667
739319.332106616,6990503,59,66.5298138333333,-2.441354,2024-58-08,66.5298138333333
739329.336273282,6990503,60,66.5937991666667,-1.71424783333333,2024-04-18,66.5937991666667
739339.330717727,6990503,61,66.7441388333333,-1.6650365,2024-56-28,66.7441388333333
739344.330740846,6990503,62,66.9538613333333,-1.62792116666667,2024-56-02,66.9538613333333
739349.334907514,6990503,63,67.1507718333333,-1.62095,2024-02-07,67.1507718333333
739354.330740848,6990503,64,67.4465671666667,-1.643104,2024-56-12,67.4465671666667
739359.334907516,6990503,65,67.6973603333333,-1.8836685,2024-02-17,67.6973603333333
739369.332141313,6990503,67,68.3078185,-2.180356,2024-58-27,68.3078185
739374.33630798,6990503,68,68.8333491666667,-2.26264066666667,2024-04-02,68.8333491666667
739379.33630798,6990503,69,69.2865163333333,-2.05666316666667,2024-04-07,69.2865163333333
739384.333530198,6990503,70,69.5888078333333,-2.0764575,2024-00-12,69.5888078333333
739389.332141311,6990503,71,69.8141816666667,-2.141845,2024-58-17,69.8141816666667
739394.329351958,6990503,72,70.0349721666667,-2.30396983333333,2024-54-22,70.0349721666667
739399.332129735,6990503,73,70.0799181666667,-2.35087066666667,2024-58-27,70.0799181666667
739404.334907514,6990503,74,70.1600533333333,-2.29207,2024-02-01,70.1600533333333
739409.329351959,6990503,75,70.2385955,-2.158216,2024-54-06,70.2385955
739414.333518624,6990503,76,70.0715648333333,-2.10080333333333,2024-00-11,70.0715648333333
739419.333518626,6990503,77,69.9629996666667,-2.1000895,2024-00-16,69.9629996666667
739424.3335302,6990503,78,69.831189,-2.141054,2024-00-21,69.831189
739429.332141309,6990503,79,69.6707551666667,-2.30469716666667,2024-58-26,69.6707551666667
739434.330752421,6990503,80,69.2910441666667,-2.393137,2024-56-01,69.2910441666667
739439.33214131,6990503,81,69.0987176666667,-2.372394,2024-58-06,69.0987176666667
739448.333507065,6990503,82,68.1749456666667,-2.26404016666667,2024-00-15,68.1749456666667
739457.33072928,6990503,83,67.6129941666667,-1.92685666666667,2024-56-24,67.6129941666667
739466.334872829,6990503,84,68.0104355,-1.35829483333333,2024-02-02,68.0104355
739042.198437563,6990514,1,66.444022,17.6389786666667,2023-45-05,66.444022
739042.928471881,6990514,1,66.463761,17.677036,2023-16-05,66.463761
739043.307141204,6990514,2,66.4724668333333,17.6964661666667,2023-22-06,66.4724668333333
739044.296805298,6990514,3,66.5166888333333,17.723543,2023-07-07,66.5166888333333
739045.294027519,6990514,4,66.5593005,17.7433845,2023-03-08,66.5593005
739046.295416406,6990514,5,66.6139043333333,17.7507705,2023-05-09,66.6139043333333
739047.295416393,6990514,6,66.6646585,17.7413323333333,2023-05-10,66.6646585
739048.294027505,6990514,7,66.6644495,17.6984805,2023-03-11,66.6644495
739049.298194175,6990514,8,66.7022525,17.5735278333333,2023-09-12,66.7022525
739058.296747656,6990514,9,66.626452,17.018993,2023-07-21,66.626452
739067.298171205,6990514,10,66.2463185,16.6408201666667,2023-09-30,66.2463185
739076.295370312,6990514,11,65.7058275,16.3370571666667,2023-05-09,65.7058275
739085.29260411,6990514,12,65.368068,16.1320055,2023-01-18,65.368068
739094.292592535,6990514,13,65.1130531666667,15.7352765,2023-01-27,65.1130531666667
739103.29121522,6990514,14,64.8752676666667,15.3132228333333,2023-59-05,64.8752676666667
739112.289814756,6990514,15,64.690952,14.9131091666667,2023-57-14,64.690952
739121.295381887,6990514,16,64.7280598333333,14.6682341666667,2023-05-23,64.7280598333333
739130.292592535,6990514,17,64.8914031666667,14.849781,2023-01-01,64.8914031666667
739139.292604108,6990514,18,64.7862841666667,15.0902576666667,2023-01-10,64.7862841666667
739148.293981424,6990514,19,64.459877,15.4206981666667,2023-03-19,64.459877
739157.29260411,6990514,20,64.3007156666667,15.58536,2023-01-28,64.3007156666667
739166.292592536,6990514,21,64.1782758333333,15.6079601666667,2023-01-07,64.1782758333333
739175.295381887,6990514,22,64.1090751666667,15.7445623333333,2023-05-16,64.1090751666667
739184.291203647,6990514,23,63.957827,15.856204,2023-59-25,63.957827
739193.292592536,6990514,24,63.877016,15.7741881666667,2023-01-03,63.877016
739202.292592536,6990514,25,63.8366288333333,15.5337073333333,2023-01-12,63.8366288333333
739203.789849367,6990514,26,63.8311508333333,15.4794653333333,2023-57-13,63.8311508333333
739213.291215196,6990514,27,63.8106133333333,15.3015223333333,2023-59-23,63.8106133333333
739222.292615656,6990514,28,63.7424481666667,15.317957,2023-01-02,63.7424481666667
739231.296770748,6990514,29,63.7629386666667,15.359728,2023-07-11,63.7629386666667
739240.288437414,6990514,30,63.9011046666667,15.4017416666667,2023-55-20,63.9011046666667
739249.291215193,6990514,31,64.1025401666667,15.7356196666667,2023-59-29,64.1025401666667
739258.288425868,6990514,32,64.446035,16.18617,2024-55-07,64.446035
739267.291203648,6990514,33,64.867935,16.1198046666667,2024-59-16,64.867935
739276.292592536,6990514,34,65.0494173333333,16.1613841666667,2024-01-25,65.0494173333333
739285.292592536,6990514,35,64.99012,16.4826115,2024-01-03,64.99012
739294.289826331,6990514,36,65.0514066666667,16.669613,2024-57-12,65.0514066666667
739303.287036981,6990514,37,65.3088785,16.7261378333333,2024-53-21,65.3088785
739312.291203647,6990514,38,65.570267,16.9326326666667,2024-59-01,65.570267
739321.287048555,6990514,39,65.8754608333333,17.197865,2024-53-10,65.8754608333333
739330.288425869,6990514,40,66.1006186666667,17.2675343333333,2024-55-19,66.1006186666667
739339.28842587,6990514,41,66.1570003333333,17.2543891666667,2024-55-28,66.1570003333333
739344.291215177,6990514,42,66.1509961666667,17.2151631666667,2024-59-02,66.1509961666667
739349.282870269,6990514,43,66.1048241666667,17.2323515,2024-47-07,66.1048241666667
739354.292592491,6990514,44,66.0935903333333,17.2585491666667,2024-01-12,66.0935903333333
739359.292604064,6990514,45,66.095852,17.2491785,2024-01-17,66.095852
739364.291203602,6990514,46,66.1715146666667,17.2143336666667,2024-59-22,66.1715146666667
739369.292592491,6990514,47,66.2745976666667,17.1591241666667,2024-01-27,66.2745976666667
739374.292592491,6990514,48,66.41029,17.0310933333333,2024-01-02,66.41029
739379.293992954,6990514,49,66.5321385,16.8938023333333,2024-03-07,66.5321385
739384.293981379,6990514,50,66.6537001666667,16.6809148333333,2024-03-12,66.6537001666667
739389.289814713,6990514,51,66.7706728333333,16.444812,2024-57-17,66.7706728333333
739394.29259249,6990514,52,66.8651931666667,16.180122,2024-01-22,66.8651931666667
739399.293992953,6990514,53,66.9604938333333,15.9482481666667,2024-03-27,66.9604938333333
739404.295381841,6990514,54,67.0490476666667,15.817376,2024-05-01,67.0490476666667
739409.293981379,6990514,55,67.1563695,15.7654876666667,2024-03-06,67.1563695
739414.295370266,6990514,56,67.3040528333333,15.8094786666667,2024-05-11,67.3040528333333
739419.291203601,6990514,57,67.4361126666667,15.8959766666667,2024-59-16,67.4361126666667
739424.293981378,6990514,58,67.5045076666667,16.0321781666667,2024-03-21,67.5045076666667
739429.293992949,6990514,59,67.5180843333333,16.1765333333333,2024-03-26,67.5180843333333
739434.292580964,6990514,60,67.4936536666667,16.3137425,2024-01-01,67.4936536666667
739439.292604011,6990514,61,67.4771463333333,16.4253178333333,2024-01-06,67.4771463333333
739448.288425867,6990514,62,67.5640835,16.6854818333333,2024-55-15,67.5640835
739457.291226763,6990514,63,67.7036611666667,16.8682645,2024-59-24,67.7036611666667
739466.293981422,6990514,64,67.8568711666667,16.9987611666667,2024-03-02,67.8568711666667
739124.713888954,7901124,1,-65.6119573333333,72.8983761666667,2023-08-26,-65.6119573333333
739125.423275119,7901124,1,-65.605636,72.9146688333333,2023-09-27,-65.605636
739126.649768113,7901124,2,-65.6387996666667,72.9409775,2023-35-28,-65.6387996666667
739128.648344658,7901124,3,-65.6992146666667,72.9869918333333,2023-33-30,-65.6992146666667
739130.645566881,7901124,4,-65.805816,73.0289063333333,2023-29-01,-65.805816
739139.647036789,7901124,5,-66.24755,73.0585153333333,2023-31-10,-66.24755
739148.647025241,7901124,6,-66.4551595,73.149822,2023-31-19,-66.4551595
739157.647036753,7901124,7,-67.140386,73.2502193333333,2023-31-28,-67.140386
739166.648425675,7901124,8,-67.6009233333333,73.2199013333333,2023-33-07,-67.6009233333333
739175.647036789,7901124,9,-67.4665615,73.0773308333333,2023-31-16,-67.4665615
739185.647059933,7901124,10,-67.1464026666667,72.597039,2023-31-26,-67.1464026666667
739195.645590025,7901124,11,-67.246333,72.308311,2023-29-05,-67.246333
739205.645921394,7901124,12,-67.1705132091045,72.2869768295234,2023-30-15,-67.1705132091045
739215.641750387,7901124,13,-67.0945615011229,72.265605540221,2023-24-25,-67.0945615011229
739225.643505372,7901124,14,-67.0185647654383,72.244221581025,2023-26-05,-67.0185647654383
739235.642737181,7901124,15,-66.9425872017053,72.2228430164321,2023-25-15,-66.9425872017053
739245.642929649,7901124,16,-66.8666023385604,72.2014623979309,2023-25-25,-66.8666023385604
739255.64343462,7901124,17,-66.7906151009065,72.1800811112904,2024-26-04,-66.7906151009065
739265.643106249,7901124,18,-66.7146341952742,72.158701606354,2024-26-14,-66.7146341952742
739275.63969914,7901124,19,-66.63867668294,72.1373286838231,2024-21-24,-66.63867668294
739285.64130366,7901124,20,-66.5626810905368,72.1159450463235,2024-23-03,-66.5626810905368
739295.640882695,7901124,21,-66.4867008884621,72.0945657393542,2024-22-13,-66.4867008884621
739305.642950184,7901124,22,-66.4107017782702,72.0731811120193,2024-25-23,-66.4107017782702
739315.642112548,7901124,23,-66.3347247422055,72.0518026959017,2024-24-04,-66.3347247422055
739325.641251763,7901124,24,-66.2587478820301,72.0304243292758,2024-23-14,-66.2587478820301
739335.642520632,7901124,25,-66.1827548400245,72.009041409407,2024-25-24,-66.1827548400245
739345.64147466,7901124,26,-66.1067793869651,71.9876634387155,2024-23-03,-66.1067793869651
739350.640824358,7901124,27,-66.0687926278276,71.9769747255744,2024-22-08,-66.0687926278276
739355.642917142,7901124,28,-66.0307850257886,71.9662801476584,2024-25-13,-66.0307850257886
739360.641306181,7901124,29,-65.9928055660639,71.9555934884259,2024-23-18,-65.9928055660639
739365.641523944,7901124,30,-65.954812211071,71.9449029193433,2024-23-23,-65.954812211071
739370.642112081,7901124,31,-65.9168160418479,71.9342115583927,2024-24-28,-65.9168160418479
739375.642005767,7901124,32,-65.8788251493074,71.9235216821949,2024-24-03,-65.8788251493074
739380.642975853,7901124,33,-65.8408260779079,71.9128295046299,2024-25-08,-65.8408260779079
739385.643309358,7901124,34,-65.8028318434681,71.9021386880886,2024-26-13,-65.8028318434681
739390.642022475,7901124,35,-65.7648499212901,71.8914513359711,2024-24-18,-65.7648499212901
739395.642124496,7901124,36,-65.7268574457451,71.8807610143475,2024-24-23,-65.7268574457451
739400.642041329,7901124,37,-65.6888663773152,71.8700710886579,2024-24-28,-65.6888663773152
739405.64214335,7901124,38,-65.6508739017702,71.8593807670343,2024-24-02,-65.6508739017702
739410.643032417,7901124,39,-65.6128754459831,71.8486887626904,2024-25-07,-65.6128754459831
739415.643018696,7901124,40,-65.5748838498859,71.8379986885258,2024-25-12,-65.5748838498859
739420.643444795,7901124,41,-65.5368889118877,71.8273076740172,2024-26-17,-65.5368889118877
739425.643755152,7901124,42,-65.4988948533381,71.8166169069678,2024-27-22,-65.4988948533381
739430.643046978,7901124,43,-65.4609085339235,71.805928317556,2024-25-27,-65.4609085339235
739435.644676794,7901124,44,-65.4229044496742,71.7952347294755,2024-28-02,-65.4229044496742
739440.646121423,7901124,45,-65.38490177254,71.7845415373291,2024-30-07,-65.38490177254
739445.647427161,7901124,46,-65.346900150743,71.7738486421334,2024-32-12,-65.346900150743
739450.644681928,7901124,47,-65.3089293096012,71.7631644079975,2024-28-17,-65.3089293096012
739455.648881217,7901124,48,-65.2709057016213,71.7524653263304,2024-34-22,-65.2709057016213
739460.647675353,7901124,49,-65.232923163831,71.7417778009919,2024-32-27,-65.232923163831
739465.661052985,7901124,50,-65.1946553333333,71.73101,2024-51-01,-65.1946553333333
739468.659478897,7901124,51,-65.0829841666667,71.7176263333333,2024-49-04,-65.0829841666667
